﻿name,image,price,location,shadow_size,time,jan,feb,mar,apr,may,jun,jul,aug,sep,oct,nov,dec
Bitterling,"<img src=""https://vignette.wikia.nocookie.net/animalcrossing/images/e/ea/NH-Icon-bitterling.png/revision/latest/scale-to-width-down/64?cb=20200401003128"" 	 alt=""NH-Icon-bitterling""  	class="""" 	 	data-image-key=""NH-Icon-bitterling.png"" 	data-image-name=""NH-Icon-bitterling.png"" 	 	 width=""64""  	 height=""64""  	 	 	 	>",900,River,1,All day,,,,-,-,-,-,-,-,-,,
Pale chub,"<img src=""https://vignette.wikia.nocookie.net/animalcrossing/images/2/2c/NH-Icon-palechub.png/revision/latest/scale-to-width-down/64?cb=20200401003129"" 	 alt=""NH-Icon-palechub""  	class="""" 	 	data-image-key=""NH-Icon-palechub.png"" 	data-image-name=""NH-Icon-palechub.png"" 	 	 width=""64""  	 height=""64""  	 	 	 	>",200,River,1,9 AM - 4 PM,,,,,,,,,,,,
Crucian carp,"<img src=""https://vignette.wikia.nocookie.net/animalcrossing/images/0/03/NH-Icon-cruciancarp.png/revision/latest/scale-to-width-down/64?cb=20200401003129"" 	 alt=""NH-Icon-cruciancarp""  	class="""" 	 	data-image-key=""NH-Icon-cruciancarp.png"" 	data-image-name=""NH-Icon-cruciancarp.png"" 	 	 width=""64""  	 height=""64""  	 	 	 	>",160,River,2,All day,,,,,,,,,,,,
Dace,"<img src=""https://vignette.wikia.nocookie.net/animalcrossing/images/2/22/NH-Icon-dace.png/revision/latest/scale-to-width-down/64?cb=20200401003129"" 	 alt=""NH-Icon-dace""  	class="""" 	 	data-image-key=""NH-Icon-dace.png"" 	data-image-name=""NH-Icon-dace.png"" 	 	 width=""64""  	 height=""64""  	 	 	 	>",240,River,3,4 PM - 9 AM,,,,,,,,,,,,
Carp,"<img src=""https://vignette.wikia.nocookie.net/animalcrossing/images/2/2c/NH-Icon-carp.png/revision/latest/scale-to-width-down/64?cb=20200401003129"" 	 alt=""NH-Icon-carp""  	class="""" 	 	data-image-key=""NH-Icon-carp.png"" 	data-image-name=""NH-Icon-carp.png"" 	 	 width=""64""  	 height=""64""  	 	 	 	>",300,Pond,4,All day,,,,,,,,,,,,
Koi,"<img src=""https://vignette.wikia.nocookie.net/animalcrossing/images/7/74/NH-Icon-koi.png/revision/latest/scale-to-width-down/64?cb=20200401003129"" 	 alt=""NH-Icon-koi""  	class="""" 	 	data-image-key=""NH-Icon-koi.png"" 	data-image-name=""NH-Icon-koi.png"" 	 	 width=""64""  	 height=""64""  	 	 	 	>",4000,Pond,4,4 PM - 9 AM,,,,,,,,,,,,
Goldfish,"<img src=""https://vignette.wikia.nocookie.net/animalcrossing/images/e/ed/NH-Icon-goldfish.png/revision/latest/scale-to-width-down/64?cb=20200401003129"" 	 alt=""NH-Icon-goldfish""  	class="""" 	 	data-image-key=""NH-Icon-goldfish.png"" 	data-image-name=""NH-Icon-goldfish.png"" 	 	 width=""64""  	 height=""64""  	 	 	 	>",1300,Pond,1,All day,,,,,,,,,,,,
Pop-eyed goldfish,"<img src=""https://vignette.wikia.nocookie.net/animalcrossing/images/c/c9/NH-Icon-popeyedgoldfish.png/revision/latest/scale-to-width-down/64?cb=20200401003129"" 	 alt=""NH-Icon-popeyedgoldfish""  	class="""" 	 	data-image-key=""NH-Icon-popeyedgoldfish.png"" 	data-image-name=""NH-Icon-popeyedgoldfish.png"" 	 	 width=""64""  	 height=""64""  	 	 	 	>",1300,Pond,1,9 AM - 4 PM,,,,,,,,,,,,
Ranchu goldfish,"<img src=""https://vignette.wikia.nocookie.net/animalcrossing/images/f/f9/NH-Icon-ranchugoldfish.png/revision/latest/scale-to-width-down/64?cb=20200401003129"" 	 alt=""NH-Icon-ranchugoldfish""  	class="""" 	 	data-image-key=""NH-Icon-ranchugoldfish.png"" 	data-image-name=""NH-Icon-ranchugoldfish.png"" 	 	 width=""64""  	 height=""64""  	 	 	 	>",4500,Pond,2,9 AM - 4 PM,,,,,,,,,,,,
Killifish,"<img src=""https://vignette.wikia.nocookie.net/animalcrossing/images/c/c3/NH-Icon-killifish.png/revision/latest/scale-to-width-down/64?cb=20200401003129"" 	 alt=""NH-Icon-killifish""  	class="""" 	 	data-image-key=""NH-Icon-killifish.png"" 	data-image-name=""NH-Icon-killifish.png"" 	 	 width=""64""  	 height=""64""  	 	 	 	>",300,Pond,1,All day,-,-,-,,,,,,-,-,-,-
Crawfish,"<img src=""https://vignette.wikia.nocookie.net/animalcrossing/images/c/cd/NH-Icon-crawfish.png/revision/latest/scale-to-width-down/64?cb=20200401003129"" 	 alt=""NH-Icon-crawfish""  	class="""" 	 	data-image-key=""NH-Icon-crawfish.png"" 	data-image-name=""NH-Icon-crawfish.png"" 	 	 width=""64""  	 height=""64""  	 	 	 	>",200,Pond,2,All day,-,-,-,,,,,,,-,-,-
Soft-shelled turtle,"<img src=""https://vignette.wikia.nocookie.net/animalcrossing/images/c/c3/NH-Icon-softshelledturtle.png/revision/latest/scale-to-width-down/64?cb=20200401003129"" 	 alt=""NH-Icon-softshelledturtle""  	class="""" 	 	data-image-key=""NH-Icon-softshelledturtle.png"" 	data-image-name=""NH-Icon-softshelledturtle.png"" 	 	 width=""64""  	 height=""64""  	 	 	 	>",3750,River,4,4 PM - 9 AM,-,-,-,-,-,-,-,,,-,-,-
Snapping Turtle,"<img src=""https://vignette.wikia.nocookie.net/animalcrossing/images/2/24/NH-Icon-snappingturtle.png/revision/latest/scale-to-width-down/64?cb=20200401003129"" 	 alt=""NH-Icon-snappingturtle""  	class="""" 	 	data-image-key=""NH-Icon-snappingturtle.png"" 	data-image-name=""NH-Icon-snappingturtle.png"" 	 	 width=""64""  	 height=""64""  	 	 	 	>",5000,River,5,9 PM - 4 AM,-,-,-,,,,,,,,-,-
Tadpole,"<img src=""https://vignette.wikia.nocookie.net/animalcrossing/images/1/1c/NH-Icon-tadpole.png/revision/latest/scale-to-width-down/64?cb=20200401003129"" 	 alt=""NH-Icon-tadpole""  	class="""" 	 	data-image-key=""NH-Icon-tadpole.png"" 	data-image-name=""NH-Icon-tadpole.png"" 	 	 width=""64""  	 height=""64""  	 	 	 	>",100,Pond,1,All day,-,-,,,,,,-,-,-,-,-
Frog,"<img src=""https://vignette.wikia.nocookie.net/animalcrossing/images/6/6b/NH-Icon-frog.png/revision/latest/scale-to-width-down/64?cb=20200401003129"" 	 alt=""NH-Icon-frog""  	class="""" 	 	data-image-key=""NH-Icon-frog.png"" 	data-image-name=""NH-Icon-frog.png"" 	 	 width=""64""  	 height=""64""  	 	 	 	>",120,Pond,2,All day,-,-,-,-,,,,,-,-,-,-
Freshwater goby,"<img src=""https://vignette.wikia.nocookie.net/animalcrossing/images/e/ee/NH-Icon-freshwatergoby.png/revision/latest/scale-to-width-down/64?cb=20200401003129"" 	 alt=""NH-Icon-freshwatergoby""  	class="""" 	 	data-image-key=""NH-Icon-freshwatergoby.png"" 	data-image-name=""NH-Icon-freshwatergoby.png"" 	 	 width=""64""  	 height=""64""  	 	 	 	>",400,River,2,4 PM - 9 AM,,,,,,,,,,,,
Loach,"<img src=""https://vignette.wikia.nocookie.net/animalcrossing/images/7/77/NH-Icon-loach.png/revision/latest/scale-to-width-down/64?cb=20200401003129"" 	 alt=""NH-Icon-loach""  	class="""" 	 	data-image-key=""NH-Icon-loach.png"" 	data-image-name=""NH-Icon-loach.png"" 	 	 width=""64""  	 height=""64""  	 	 	 	>",400,River,2,All day,-,-,,,,-,-,-,-,-,-,-
Catfish,"<img src=""https://vignette.wikia.nocookie.net/animalcrossing/images/2/29/NH-Icon-catfish.png/revision/latest/scale-to-width-down/64?cb=20200401003129"" 	 alt=""NH-Icon-catfish""  	class="""" 	 	data-image-key=""NH-Icon-catfish.png"" 	data-image-name=""NH-Icon-catfish.png"" 	 	 width=""64""  	 height=""64""  	 	 	 	>",800,Pond,4,4 PM - 9 AM,-,-,-,-,,,,,,,-,-
Giant snakehead,"<img src=""https://vignette.wikia.nocookie.net/animalcrossing/images/0/0c/NH-Icon-giantsnakehead.png/revision/latest/scale-to-width-down/64?cb=20200401003129"" 	 alt=""NH-Icon-giantsnakehead""  	class="""" 	 	data-image-key=""NH-Icon-giantsnakehead.png"" 	data-image-name=""NH-Icon-giantsnakehead.png"" 	 	 width=""64""  	 height=""64""  	 	 	 	>",5500,Pond,5,9 AM - 4 PM,-,-,-,-,-,,,,-,-,-,-
Bluegill,"<img src=""https://vignette.wikia.nocookie.net/animalcrossing/images/6/69/NH-Icon-bluegill.png/revision/latest/scale-to-width-down/64?cb=20200401003129"" 	 alt=""NH-Icon-bluegill""  	class="""" 	 	data-image-key=""NH-Icon-bluegill.png"" 	data-image-name=""NH-Icon-bluegill.png"" 	 	 width=""64""  	 height=""64""  	 	 	 	>",180,River,2,9 AM - 4 PM,,,,,,,,,,,,
Yellow perch,"<img src=""https://vignette.wikia.nocookie.net/animalcrossing/images/1/1d/NH-Icon-yellowperch.png/revision/latest/scale-to-width-down/64?cb=20200401003129"" 	 alt=""NH-Icon-yellowperch""  	class="""" 	 	data-image-key=""NH-Icon-yellowperch.png"" 	data-image-name=""NH-Icon-yellowperch.png"" 	 	 width=""64""  	 height=""64""  	 	 	 	>",300,River,3,All day,,,,-,-,-,-,-,-,,,
Black bass,"<img src=""https://vignette.wikia.nocookie.net/animalcrossing/images/e/e2/NH-Icon-blackbass.png/revision/latest/scale-to-width-down/64?cb=20200401003129"" 	 alt=""NH-Icon-blackbass""  	class="""" 	 	data-image-key=""NH-Icon-blackbass.png"" 	data-image-name=""NH-Icon-blackbass.png"" 	 	 width=""64""  	 height=""64""  	 	 	 	>",400,River,4,All day,,,,,,,,,,,,
Tilapia,"<img src=""https://vignette.wikia.nocookie.net/animalcrossing/images/5/53/NH-Icon-tilapia.png/revision/latest/scale-to-width-down/64?cb=20200401003129"" 	 alt=""NH-Icon-tilapia""  	class="""" 	 	data-image-key=""NH-Icon-tilapia.png"" 	data-image-name=""NH-Icon-tilapia.png"" 	 	 width=""64""  	 height=""64""  	 	 	 	>",800,River,3,All day,-,-,-,-,-,,,,,,-,-
Pike,"<img src=""https://vignette.wikia.nocookie.net/animalcrossing/images/d/dc/NH-Icon-pike.png/revision/latest/scale-to-width-down/64?cb=20200401003130"" 	 alt=""NH-Icon-pike""  	class="""" 	 	data-image-key=""NH-Icon-pike.png"" 	data-image-name=""NH-Icon-pike.png"" 	 	 width=""64""  	 height=""64""  	 	 	 	>",1800,River,5,All day,-,-,-,-,-,-,-,-,,,,
Pond smelt,"<img src=""https://vignette.wikia.nocookie.net/animalcrossing/images/4/41/NH-Icon-pondsmelt.png/revision/latest/scale-to-width-down/64?cb=20200401003130"" 	 alt=""NH-Icon-pondsmelt""  	class="""" 	 	data-image-key=""NH-Icon-pondsmelt.png"" 	data-image-name=""NH-Icon-pondsmelt.png"" 	 	 width=""64""  	 height=""64""  	 	 	 	>",500,River,2,All day,,,-,-,-,-,-,-,-,-,-,
Sweetfish,"<img src=""https://vignette.wikia.nocookie.net/animalcrossing/images/4/40/NH-Icon-sweetfish.png/revision/latest/scale-to-width-down/64?cb=20200401003129"" 	 alt=""NH-Icon-sweetfish""  	class="""" 	 	data-image-key=""NH-Icon-sweetfish.png"" 	data-image-name=""NH-Icon-sweetfish.png"" 	 	 width=""64""  	 height=""64""  	 	 	 	>",900,River,3,All day,-,-,-,-,-,-,,,,-,-,-
Cherry salmon,"<img src=""https://vignette.wikia.nocookie.net/animalcrossing/images/5/5f/NH-Icon-cherrysalmon.png/revision/latest/scale-to-width-down/64?cb=20200401003129"" 	 alt=""NH-Icon-cherrysalmon""  	class="""" 	 	data-image-key=""NH-Icon-cherrysalmon.png"" 	data-image-name=""NH-Icon-cherrysalmon.png"" 	 	 width=""64""  	 height=""64""  	 	 	 	>",800,River (Clifftop),3,4 PM - 9 AM,-,-,,,,,-,-,,,,-
Char,"<img src=""https://vignette.wikia.nocookie.net/animalcrossing/images/1/15/NH-Icon-char.png/revision/latest/scale-to-width-down/64?cb=20200401003129"" 	 alt=""NH-Icon-char""  	class="""" 	 	data-image-key=""NH-Icon-char.png"" 	data-image-name=""NH-Icon-char.png"" 	 	 width=""64""  	 height=""64""  	 	 	 	>",3800,River (Clifftop)  Pond,3,4 PM - 9 AM,-,-,,,,,-,-,,,,-
Golden trout,"<img src=""https://vignette.wikia.nocookie.net/animalcrossing/images/5/5c/NH-Icon-goldentrout.png/revision/latest/scale-to-width-down/64?cb=20200401003129"" 	 alt=""NH-Icon-goldentrout""  	class="""" 	 	data-image-key=""NH-Icon-goldentrout.png"" 	data-image-name=""NH-Icon-goldentrout.png"" 	 	 width=""64""  	 height=""64""  	 	 	 	>",15000,River (Clifftop),3,4 PM - 9 AM,-,-,,,,-,-,-,,,,-
Stringfish,"<img src=""https://vignette.wikia.nocookie.net/animalcrossing/images/7/7b/NH-Icon-stringfish.png/revision/latest/scale-to-width-down/64?cb=20200401003129"" 	 alt=""NH-Icon-stringfish""  	class="""" 	 	data-image-key=""NH-Icon-stringfish.png"" 	data-image-name=""NH-Icon-stringfish.png"" 	 	 width=""64""  	 height=""64""  	 	 	 	>",15000,River (Clifftop),5,4 PM - 9 AM,,,,-,-,-,-,-,-,-,-,
Salmon,"<img src=""https://vignette.wikia.nocookie.net/animalcrossing/images/f/fb/NH-Icon-salmon.png/revision/latest/scale-to-width-down/64?cb=20200401003129"" 	 alt=""NH-Icon-salmon""  	class="""" 	 	data-image-key=""NH-Icon-salmon.png"" 	data-image-name=""NH-Icon-salmon.png"" 	 	 width=""64""  	 height=""64""  	 	 	 	>",700,River (Mouth),4,All day,-,-,-,-,-,-,-,-,,-,-,-
King salmon,"<img src=""https://vignette.wikia.nocookie.net/animalcrossing/images/f/fd/NH-Icon-kingsalmon.png/revision/latest/scale-to-width-down/64?cb=20200401003129"" 	 alt=""NH-Icon-kingsalmon""  	class="""" 	 	data-image-key=""NH-Icon-kingsalmon.png"" 	data-image-name=""NH-Icon-kingsalmon.png"" 	 	 width=""64""  	 height=""64""  	 	 	 	>",1800,River (Mouth),6,All day,-,-,-,-,-,-,-,-,,-,-,-
Mitten crab,"<img src=""https://vignette.wikia.nocookie.net/animalcrossing/images/e/e3/NH-Icon-mittencrab.png/revision/latest/scale-to-width-down/64?cb=20200401003129"" 	 alt=""NH-Icon-mittencrab""  	class="""" 	 	data-image-key=""NH-Icon-mittencrab.png"" 	data-image-name=""NH-Icon-mittencrab.png"" 	 	 width=""64""  	 height=""64""  	 	 	 	>",2000,River,2,4 PM - 9 AM,-,-,-,-,-,-,-,-,,,,-
Guppy,"<img src=""https://vignette.wikia.nocookie.net/animalcrossing/images/6/63/NH-Icon-guppy.png/revision/latest/scale-to-width-down/64?cb=20200401003129"" 	 alt=""NH-Icon-guppy""  	class="""" 	 	data-image-key=""NH-Icon-guppy.png"" 	data-image-name=""NH-Icon-guppy.png"" 	 	 width=""64""  	 height=""64""  	 	 	 	>",1300,River,1,9 AM - 4 PM,-,-,-,,,,,,,,,-
Nibble fish,"<img src=""https://vignette.wikia.nocookie.net/animalcrossing/images/8/89/NH-Icon-nibblefish.png/revision/latest/scale-to-width-down/64?cb=20200401003129"" 	 alt=""NH-Icon-nibblefish""  	class="""" 	 	data-image-key=""NH-Icon-nibblefish.png"" 	data-image-name=""NH-Icon-nibblefish.png"" 	 	 width=""64""  	 height=""64""  	 	 	 	>",1500,River,1,9 AM - 4 PM,-,-,-,-,,,,,,-,-,-
Angelfish,"<img src=""https://vignette.wikia.nocookie.net/animalcrossing/images/6/63/NH-Icon-angelfish.png/revision/latest/scale-to-width-down/64?cb=20200401003128"" 	 alt=""NH-Icon-angelfish""  	class="""" 	 	data-image-key=""NH-Icon-angelfish.png"" 	data-image-name=""NH-Icon-angelfish.png"" 	 	 width=""64""  	 height=""64""  	 	 	 	>",3000,River,2,4 PM - 9 AM,-,-,-,-,,,,,,,-,-
Betta,"<img src=""https://vignette.wikia.nocookie.net/animalcrossing/images/7/7c/NH-Icon-betta.png/revision/latest/scale-to-width-down/64?cb=20200401003129"" 	 alt=""NH-Icon-betta""  	class="""" 	 	data-image-key=""NH-Icon-betta.png"" 	data-image-name=""NH-Icon-betta.png"" 	 	 width=""64""  	 height=""64""  	 	 	 	>",2500,River,2,9 AM - 4 PM,-,-,-,-,,,,,,,-,-
Neon tetra,"<img src=""https://vignette.wikia.nocookie.net/animalcrossing/images/d/da/NH-Icon-neontetra.png/revision/latest/scale-to-width-down/64?cb=20200401003129"" 	 alt=""NH-Icon-neontetra""  	class="""" 	 	data-image-key=""NH-Icon-neontetra.png"" 	data-image-name=""NH-Icon-neontetra.png"" 	 	 width=""64""  	 height=""64""  	 	 	 	>",500,River,1,9 AM - 4 PM,-,-,-,,,,,,,,,-
Rainbowfish,"<img src=""https://vignette.wikia.nocookie.net/animalcrossing/images/6/68/NH-Icon-rainbowfish.png/revision/latest/scale-to-width-down/64?cb=20200401003129"" 	 alt=""NH-Icon-rainbowfish""  	class="""" 	 	data-image-key=""NH-Icon-rainbowfish.png"" 	data-image-name=""NH-Icon-rainbowfish.png"" 	 	 width=""64""  	 height=""64""  	 	 	 	>",800,River,1,9 AM - 4 PM,-,-,-,-,,,,,,,-,-
Piranha,"<img src=""https://vignette.wikia.nocookie.net/animalcrossing/images/b/b9/NH-Icon-piranha.png/revision/latest/scale-to-width-down/64?cb=20200401003130"" 	 alt=""NH-Icon-piranha""  	class="""" 	 	data-image-key=""NH-Icon-piranha.png"" 	data-image-name=""NH-Icon-piranha.png"" 	 	 width=""64""  	 height=""64""  	 	 	 	>",2500,River,2,9 AM - 4 PM & 9 PM - 4 AM,-,-,-,-,-,,,,,-,-,-
Arowana,"<img src=""https://vignette.wikia.nocookie.net/animalcrossing/images/b/bf/NH-Icon-arowana.png/revision/latest/scale-to-width-down/64?cb=20200401003128"" 	 alt=""NH-Icon-arowana""  	class="""" 	 	data-image-key=""NH-Icon-arowana.png"" 	data-image-name=""NH-Icon-arowana.png"" 	 	 width=""64""  	 height=""64""  	 	 	 	>",10000,River,4,4 PM - 9 AM,-,-,-,-,-,,,,,-,-,-
Dorado,"<img src=""https://vignette.wikia.nocookie.net/animalcrossing/images/d/df/NH-Icon-dorado.png/revision/latest/scale-to-width-down/64?cb=20200401003129"" 	 alt=""NH-Icon-dorado""  	class="""" 	 	data-image-key=""NH-Icon-dorado.png"" 	data-image-name=""NH-Icon-dorado.png"" 	 	 width=""64""  	 height=""64""  	 	 	 	>",15000,River,5,4 AM - 9 PM,-,-,-,-,-,,,,,-,-,-
Gar,"<img src=""https://vignette.wikia.nocookie.net/animalcrossing/images/9/9f/NH-Icon-gar.png/revision/latest/scale-to-width-down/64?cb=20200401003129"" 	 alt=""NH-Icon-gar""  	class="""" 	 	data-image-key=""NH-Icon-gar.png"" 	data-image-name=""NH-Icon-gar.png"" 	 	 width=""64""  	 height=""64""  	 	 	 	>",6000,Pond,6,4 PM - 9 AM,-,-,-,-,-,,,,,-,-,-
Arapaima,"<img src=""https://vignette.wikia.nocookie.net/animalcrossing/images/7/7f/NH-Icon-arapaima.png/revision/latest/scale-to-width-down/64?cb=20200401003128"" 	 alt=""NH-Icon-arapaima""  	class="""" 	 	data-image-key=""NH-Icon-arapaima.png"" 	data-image-name=""NH-Icon-arapaima.png"" 	 	 width=""64""  	 height=""64""  	 	 	 	>",10000,River,6,4 PM - 9 AM,-,-,-,-,-,,,,,-,-,-
Saddled bichir,"<img src=""https://vignette.wikia.nocookie.net/animalcrossing/images/a/a0/NH-Icon-saddledbichir.png/revision/latest/scale-to-width-down/64?cb=20200401003130"" 	 alt=""NH-Icon-saddledbichir""  	class="""" 	 	data-image-key=""NH-Icon-saddledbichir.png"" 	data-image-name=""NH-Icon-saddledbichir.png"" 	 	 width=""64""  	 height=""64""  	 	 	 	>",4000,River,4,9 PM - 4 AM,-,-,-,-,-,,,,,-,-,-
Sturgeon,"<img src=""https://vignette.wikia.nocookie.net/animalcrossing/images/9/98/NH-Icon-sturgeon.png/revision/latest/scale-to-width-down/64?cb=20200401003129"" 	 alt=""NH-Icon-sturgeon""  	class="""" 	 	data-image-key=""NH-Icon-sturgeon.png"" 	data-image-name=""NH-Icon-sturgeon.png"" 	 	 width=""64""  	 height=""64""  	 	 	 	>",10000,River (Mouth),6,All day,,,,-,-,-,-,-,,,,
Sea butterfly,"<img src=""https://vignette.wikia.nocookie.net/animalcrossing/images/8/8f/NH-Icon-seabutterfly.png/revision/latest/scale-to-width-down/64?cb=20200401003129"" 	 alt=""NH-Icon-seabutterfly""  	class="""" 	 	data-image-key=""NH-Icon-seabutterfly.png"" 	data-image-name=""NH-Icon-seabutterfly.png"" 	 	 width=""64""  	 height=""64""  	 	 	 	>",1000,Sea,1,All day,,,,-,-,-,-,-,-,-,-,
Sea horse,"<img src=""https://vignette.wikia.nocookie.net/animalcrossing/images/5/55/NH-Icon-seahorse.png/revision/latest/scale-to-width-down/64?cb=20200401003129"" 	 alt=""NH-Icon-seahorse""  	class="""" 	 	data-image-key=""NH-Icon-seahorse.png"" 	data-image-name=""NH-Icon-seahorse.png"" 	 	 width=""64""  	 height=""64""  	 	 	 	>",1100,Sea,1,All day,-,-,-,,,,,,,,,-
Clown fish,"<img src=""https://vignette.wikia.nocookie.net/animalcrossing/images/2/2f/NH-Icon-clownfish.png/revision/latest/scale-to-width-down/64?cb=20200401003129"" 	 alt=""NH-Icon-clownfish""  	class="""" 	 	data-image-key=""NH-Icon-clownfish.png"" 	data-image-name=""NH-Icon-clownfish.png"" 	 	 width=""64""  	 height=""64""  	 	 	 	>",650,Sea,1,All day,-,-,-,,,,,,,-,-,-
Surgeonfish,"<img src=""https://vignette.wikia.nocookie.net/animalcrossing/images/1/11/NH-Icon-surgeonfish.png/revision/latest/scale-to-width-down/64?cb=20200401003129"" 	 alt=""NH-Icon-surgeonfish""  	class="""" 	 	data-image-key=""NH-Icon-surgeonfish.png"" 	data-image-name=""NH-Icon-surgeonfish.png"" 	 	 width=""64""  	 height=""64""  	 	 	 	>",1000,Sea,2,All day,-,-,-,,,,,,,-,-,-
Butterfly fish,"<img src=""https://vignette.wikia.nocookie.net/animalcrossing/images/8/8e/NH-Icon-butterflyfish.png/revision/latest/scale-to-width-down/64?cb=20200401003129"" 	 alt=""NH-Icon-butterflyfish""  	class="""" 	 	data-image-key=""NH-Icon-butterflyfish.png"" 	data-image-name=""NH-Icon-butterflyfish.png"" 	 	 width=""64""  	 height=""64""  	 	 	 	>",1000,Sea,2,All day,-,-,-,,,,,,,-,-,-
Napoleonfish,"<img src=""https://vignette.wikia.nocookie.net/animalcrossing/images/6/6f/NH-Icon-napoleonfish.png/revision/latest/scale-to-width-down/64?cb=20200401003129"" 	 alt=""NH-Icon-napoleonfish""  	class="""" 	 	data-image-key=""NH-Icon-napoleonfish.png"" 	data-image-name=""NH-Icon-napoleonfish.png"" 	 	 width=""64""  	 height=""64""  	 	 	 	>",10000,Sea,6,4 AM - 9 PM,-,-,-,-,-,-,,,-,-,-,-
Zebra turkeyfish,"<img src=""https://vignette.wikia.nocookie.net/animalcrossing/images/1/1c/NH-Icon-zebraturkeyfish.png/revision/latest/scale-to-width-down/64?cb=20200401003130"" 	 alt=""NH-Icon-zebraturkeyfish""  	class="""" 	 	data-image-key=""NH-Icon-zebraturkeyfish.png"" 	data-image-name=""NH-Icon-zebraturkeyfish.png"" 	 	 width=""64""  	 height=""64""  	 	 	 	>",500,Sea,3,All day,-,-,-,,,,,,,,,-
Blowfish,"<img src=""https://vignette.wikia.nocookie.net/animalcrossing/images/3/39/NH-Icon-blowfish.png/revision/latest/scale-to-width-down/64?cb=20200401003129"" 	 alt=""NH-Icon-blowfish""  	class="""" 	 	data-image-key=""NH-Icon-blowfish.png"" 	data-image-name=""NH-Icon-blowfish.png"" 	 	 width=""64""  	 height=""64""  	 	 	 	>",5000,Sea,3,9 PM - 4 AM,,,-,-,-,-,-,-,-,-,,
Puffer fish,"<img src=""https://vignette.wikia.nocookie.net/animalcrossing/images/1/1f/NH-Icon-pufferfish.png/revision/latest/scale-to-width-down/64?cb=20200401003130"" 	 alt=""NH-Icon-pufferfish""  	class="""" 	 	data-image-key=""NH-Icon-pufferfish.png"" 	data-image-name=""NH-Icon-pufferfish.png"" 	 	 width=""64""  	 height=""64""  	 	 	 	>",250,Sea,3,All day,-,-,-,-,-,-,,,,-,-,-
Anchovy,"<img src=""https://vignette.wikia.nocookie.net/animalcrossing/images/2/24/NH-Icon-anchovy.png/revision/latest/scale-to-width-down/64?cb=20200401003129"" 	 alt=""NH-Icon-anchovy""  	class="""" 	 	data-image-key=""NH-Icon-anchovy.png"" 	data-image-name=""NH-Icon-anchovy.png"" 	 	 width=""64""  	 height=""64""  	 	 	 	>",200,Sea,2,4 AM - 9 PM,,,,,,,,,,,,
Horse mackerel,"<img src=""https://vignette.wikia.nocookie.net/animalcrossing/images/d/d5/NH-Icon-horsemackerel.png/revision/latest/scale-to-width-down/64?cb=20200401003129"" 	 alt=""NH-Icon-horsemackerel""  	class="""" 	 	data-image-key=""NH-Icon-horsemackerel.png"" 	data-image-name=""NH-Icon-horsemackerel.png"" 	 	 width=""64""  	 height=""64""  	 	 	 	>",150,Sea,2,All day,,,,,,,,,,,,
Barred knifejaw,"<img src=""https://vignette.wikia.nocookie.net/animalcrossing/images/8/8c/NH-Icon-barredknifejaw.png/revision/latest/scale-to-width-down/64?cb=20200401003128"" 	 alt=""NH-Icon-barredknifejaw""  	class="""" 	 	data-image-key=""NH-Icon-barredknifejaw.png"" 	data-image-name=""NH-Icon-barredknifejaw.png"" 	 	 width=""64""  	 height=""64""  	 	 	 	>",5000,Sea,3,All day,-,-,,,,,,,,,,-
Sea bass,"<img src=""https://vignette.wikia.nocookie.net/animalcrossing/images/2/22/NH-Icon-seabass.png/revision/latest/scale-to-width-down/64?cb=20200401003130"" 	 alt=""NH-Icon-seabass""  	class="""" 	 	data-image-key=""NH-Icon-seabass.png"" 	data-image-name=""NH-Icon-seabass.png"" 	 	 width=""64""  	 height=""64""  	 	 	 	>",400,Sea,5,All day,,,,,,,,,,,,
Red snapper,"<img src=""https://vignette.wikia.nocookie.net/animalcrossing/images/d/dd/NH-Icon-redsnapper.png/revision/latest/scale-to-width-down/64?cb=20200401003130"" 	 alt=""NH-Icon-redsnapper""  	class="""" 	 	data-image-key=""NH-Icon-redsnapper.png"" 	data-image-name=""NH-Icon-redsnapper.png"" 	 	 width=""64""  	 height=""64""  	 	 	 	>",3000,Sea,4,All day,,,,,,,,,,,,
Dab,"<img src=""https://vignette.wikia.nocookie.net/animalcrossing/images/c/c6/NH-Icon-dab.png/revision/latest/scale-to-width-down/64?cb=20200401003129"" 	 alt=""NH-Icon-dab""  	class="""" 	 	data-image-key=""NH-Icon-dab.png"" 	data-image-name=""NH-Icon-dab.png"" 	 	 width=""64""  	 height=""64""  	 	 	 	>",300,Sea,3,All day,,,,,-,-,-,-,-,,,
Olive flounder,"<img src=""https://vignette.wikia.nocookie.net/animalcrossing/images/9/9e/NH-Icon-oliveflounder.png/revision/latest/scale-to-width-down/64?cb=20200401003129"" 	 alt=""NH-Icon-oliveflounder""  	class="""" 	 	data-image-key=""NH-Icon-oliveflounder.png"" 	data-image-name=""NH-Icon-oliveflounder.png"" 	 	 width=""64""  	 height=""64""  	 	 	 	>",800,Sea,5,All day,,,,,,,,,,,,
Squid,"<img src=""https://vignette.wikia.nocookie.net/animalcrossing/images/3/3b/NH-Icon-squid.png/revision/latest/scale-to-width-down/64?cb=20200401003130"" 	 alt=""NH-Icon-squid""  	class="""" 	 	data-image-key=""NH-Icon-squid.png"" 	data-image-name=""NH-Icon-squid.png"" 	 	 width=""64""  	 height=""64""  	 	 	 	>",500,Sea,3,All day,,,,,,,,,-,-,-,
Moray eel,"<img src=""https://vignette.wikia.nocookie.net/animalcrossing/images/e/e5/NH-Icon-morayeel.png/revision/latest/scale-to-width-down/64?cb=20200401003130"" 	 alt=""NH-Icon-morayeel""  	class="""" 	 	data-image-key=""NH-Icon-morayeel.png"" 	data-image-name=""NH-Icon-morayeel.png"" 	 	 width=""64""  	 height=""64""  	 	 	 	>",2000,Sea,Narrow,All day,-,-,-,-,-,-,-,,,,-,-
Ribbon eel,"<img src=""https://vignette.wikia.nocookie.net/animalcrossing/images/a/ac/NH-Icon-ribboneel.png/revision/latest/scale-to-width-down/64?cb=20200401003129"" 	 alt=""NH-Icon-ribboneel""  	class="""" 	 	data-image-key=""NH-Icon-ribboneel.png"" 	data-image-name=""NH-Icon-ribboneel.png"" 	 	 width=""64""  	 height=""64""  	 	 	 	>",600,Sea,Narrow,All day,-,-,-,-,-,,,,,,-,-
Tuna,"<img src=""https://vignette.wikia.nocookie.net/animalcrossing/images/5/50/NH-Icon-tuna.png/revision/latest/scale-to-width-down/64?cb=20200401003129"" 	 alt=""NH-Icon-tuna""  	class="""" 	 	data-image-key=""NH-Icon-tuna.png"" 	data-image-name=""NH-Icon-tuna.png"" 	 	 width=""64""  	 height=""64""  	 	 	 	>",7000,Pier,6,All day,,,,,-,-,-,-,-,-,,
Blue marlin,"<img src=""https://vignette.wikia.nocookie.net/animalcrossing/images/2/2f/NH-Icon-bluemarlin.png/revision/latest/scale-to-width-down/64?cb=20200401003129"" 	 alt=""NH-Icon-bluemarlin""  	class="""" 	 	data-image-key=""NH-Icon-bluemarlin.png"" 	data-image-name=""NH-Icon-bluemarlin.png"" 	 	 width=""64""  	 height=""64""  	 	 	 	>",10000,Pier,6,All day,,,,,-,-,,,,-,,
Giant trevally,"<img src=""https://vignette.wikia.nocookie.net/animalcrossing/images/7/7b/NH-Icon-gianttrevally.png/revision/latest/scale-to-width-down/64?cb=20200401003129"" 	 alt=""NH-Icon-gianttrevally""  	class="""" 	 	data-image-key=""NH-Icon-gianttrevally.png"" 	data-image-name=""NH-Icon-gianttrevally.png"" 	 	 width=""64""  	 height=""64""  	 	 	 	>",4500,Pier,5,All day,-,-,-,-,,,,,,,-,-
Mahi-mahi,"<img src=""https://vignette.wikia.nocookie.net/animalcrossing/images/8/82/NH-Icon-mahimahi.png/revision/latest/scale-to-width-down/64?cb=20200401003129"" 	 alt=""NH-Icon-mahimahi""  	class="""" 	 	data-image-key=""NH-Icon-mahimahi.png"" 	data-image-name=""NH-Icon-mahimahi.png"" 	 	 width=""64""  	 height=""64""  	 	 	 	>",6000,Pier,5,All day,-,-,-,-,,,,,,,-,-
Ocean sunfish,"<img src=""https://vignette.wikia.nocookie.net/animalcrossing/images/5/52/NH-Icon-oceansunfish.png/revision/latest/scale-to-width-down/64?cb=20200401003129"" 	 alt=""NH-Icon-oceansunfish""  	class="""" 	 	data-image-key=""NH-Icon-oceansunfish.png"" 	data-image-name=""NH-Icon-oceansunfish.png"" 	 	 width=""64""  	 height=""64""  	 	 	 	>",4000,Sea,6 (Fin),4 AM - 9 PM,-,-,-,-,-,-,,,,-,-,-
Ray,"<img src=""https://vignette.wikia.nocookie.net/animalcrossing/images/d/db/NH-Icon-ray.png/revision/latest/scale-to-width-down/64?cb=20200401003129"" 	 alt=""NH-Icon-ray""  	class="""" 	 	data-image-key=""NH-Icon-ray.png"" 	data-image-name=""NH-Icon-ray.png"" 	 	 width=""64""  	 height=""64""  	 	 	 	>",3000,Sea,5,4 AM - 9 PM,-,-,-,-,-,-,-,,,,,-
Saw shark,"<img src=""https://vignette.wikia.nocookie.net/animalcrossing/images/7/73/NH-Icon-sawshark.png/revision/latest/scale-to-width-down/64?cb=20200401003129"" 	 alt=""NH-Icon-sawshark""  	class="""" 	 	data-image-key=""NH-Icon-sawshark.png"" 	data-image-name=""NH-Icon-sawshark.png"" 	 	 width=""64""  	 height=""64""  	 	 	 	>",12000,Sea,6 (Fin),4 PM - 9 AM,-,-,-,-,-,,,,,-,-,-
Hammerhead shark,"<img src=""https://vignette.wikia.nocookie.net/animalcrossing/images/2/25/NH-Icon-hammerheadshark.png/revision/latest/scale-to-width-down/64?cb=20200401003129"" 	 alt=""NH-Icon-hammerheadshark""  	class="""" 	 	data-image-key=""NH-Icon-hammerheadshark.png"" 	data-image-name=""NH-Icon-hammerheadshark.png"" 	 	 width=""64""  	 height=""64""  	 	 	 	>",8000,Sea,6 (Fin),4 PM - 9 AM,-,-,-,-,-,,,,,-,-,-
Great white shark,"<img src=""https://vignette.wikia.nocookie.net/animalcrossing/images/3/38/NH-Icon-greatwhiteshark.png/revision/latest/scale-to-width-down/64?cb=20200401003129"" 	 alt=""NH-Icon-greatwhiteshark""  	class="""" 	 	data-image-key=""NH-Icon-greatwhiteshark.png"" 	data-image-name=""NH-Icon-greatwhiteshark.png"" 	 	 width=""64""  	 height=""64""  	 	 	 	>",15000,Sea,6 (Fin),4 PM - 9 AM,-,-,-,-,-,,,,,-,-,-
Whale shark,"<img src=""https://vignette.wikia.nocookie.net/animalcrossing/images/1/1c/NH-Icon-whaleshark.png/revision/latest/scale-to-width-down/64?cb=20200401003129"" 	 alt=""NH-Icon-whaleshark""  	class="""" 	 	data-image-key=""NH-Icon-whaleshark.png"" 	data-image-name=""NH-Icon-whaleshark.png"" 	 	 width=""64""  	 height=""64""  	 	 	 	>",13000,Sea,6 (Fin),All day,-,-,-,-,-,,,,,-,-,-
Suckerfish,"<img src=""https://vignette.wikia.nocookie.net/animalcrossing/images/b/b9/NH-Icon-suckerfish.png/revision/latest/scale-to-width-down/64?cb=20200401003131"" 	 alt=""NH-Icon-suckerfish""  	class="""" 	 	data-image-key=""NH-Icon-suckerfish.png"" 	data-image-name=""NH-Icon-suckerfish.png"" 	 	 width=""64""  	 height=""64""  	 	 	 	>",1500,Sea,4 (Fin),All day,-,-,-,-,-,,,,,-,-,-
Football fish,"<img src=""https://vignette.wikia.nocookie.net/animalcrossing/images/a/a5/NH-Icon-footballfish.png/revision/latest/scale-to-width-down/64?cb=20200401003129"" 	 alt=""NH-Icon-footballfish""  	class="""" 	 	data-image-key=""NH-Icon-footballfish.png"" 	data-image-name=""NH-Icon-footballfish.png"" 	 	 width=""64""  	 height=""64""  	 	 	 	>",2500,Sea,4,4 PM - 9 AM,,,,-,-,-,-,-,-,-,,
Oarfish,"<img src=""https://vignette.wikia.nocookie.net/animalcrossing/images/3/33/NH-Icon-oarfish.png/revision/latest/scale-to-width-down/64?cb=20200401003129"" 	 alt=""NH-Icon-oarfish""  	class="""" 	 	data-image-key=""NH-Icon-oarfish.png"" 	data-image-name=""NH-Icon-oarfish.png"" 	 	 width=""64""  	 height=""64""  	 	 	 	>",9000,Sea,6,All day,,,,,,-,-,-,-,-,-,
Barreleye,"<img src=""https://vignette.wikia.nocookie.net/animalcrossing/images/c/c7/NH-Icon-barreleye.png/revision/latest/scale-to-width-down/64?cb=20200401003128"" 	 alt=""NH-Icon-barreleye""  	class="""" 	 	data-image-key=""NH-Icon-barreleye.png"" 	data-image-name=""NH-Icon-barreleye.png"" 	 	 width=""64""  	 height=""64""  	 	 	 	>",15000,Sea,2,9 PM - 4 AM,,,,,,,,,,,,
Coelacanth,"<img src=""https://vignette.wikia.nocookie.net/animalcrossing/images/3/31/NH-Icon-coelacanth.png/revision/latest/scale-to-width-down/64?cb=20200401003129"" 	 alt=""NH-Icon-coelacanth""  	class="""" 	 	data-image-key=""NH-Icon-coelacanth.png"" 	data-image-name=""NH-Icon-coelacanth.png"" 	 	 width=""64""  	 height=""64""  	 	 	 	>",15000,Sea,6,All day,,,,,,,,,,,,